{
  "total_participants": 2,
  "total_puzzles_completed": 9,
  "average_completion_time": 34.52729688888889,
  "average_trust_score": 0.0,
  "loa_breakdown": {
    "1": 2,
    "2": 2,
    "3": 2,
    "4": 3
  },
  "correctness_rate": 0.1111111111111111,
  "generated_at": "2025-12-05T17:00:08.599853"
}