{
  "total_participants": 4,
  "total_puzzles_completed": 14,
  "average_completion_time": 27.833665999999997,
  "average_trust_score": 2.9285714285714284,
  "loa_breakdown": {
    "1": 2,
    "2": 2,
    "3": 3,
    "4": 3
  },
  "correctness_rate": 0.5,
  "generated_at": "2025-11-19T19:21:55.852547"
}