{
  "total_participants": 11,
  "total_puzzles_completed": 35,
  "average_completion_time": 22.31472577142857,
  "average_trust_score": 1.1714285714285715,
  "loa_breakdown": {
    "1": 2,
    "2": 2,
    "3": 3,
    "4": 3
  },
  "correctness_rate": 0.2,
  "generated_at": "2025-11-28T12:23:56.764854"
}